{
  "config": {
    "seed": 42,
    "test_ratio": 0.2,
    "svd_dim": 256,
    "neg_per_case": 128,
    "batch_size": 64,
    "lr": 0.002,
    "weight_decay": 0.0001,
    "epochs": 10,
    "device": "cpu",
    "use_gnn": true,
    "temperature": 0.07
  },
  "data": {
    "n_equations": 975,
    "n_cases_total": 1386,
    "n_cases_train": 1341,
    "n_cases_test": 45,
    "n_sources_train": 18,
    "n_sources_test": 4
  },
  "train": {
    "avg_loss": 3.403358785311381,
    "steps": 210
  },
  "eval": {
    "n_evaluated": 45,
    "Recall@1": 0.0,
    "Recall@3": 0.0,
    "Recall@5": 0.022222222222222223,
    "Recall@10": 0.022222222222222223,
    "MRR": 0.015785780276304007
  }
}